{"train/loss_total": [0.5634352117776871, 0.48878223448991776, 0.4139998108148575, 0.36181988815466565, 0.3242019712924957, 0.29124417155981064, 0.2616828866302967, 0.23395564531286558, 0.20718775192896524, 0.1822257861495018, 0.16282296429077783, 0.14449257962405682, 0.1300485941270987, 0.11910187639296055, 0.10951393966873486, 0.10008885028461616, 0.09348104149103165, 0.08731285793085893, 0.08348589763045311, 0.07866254728287458, 0.0769593883305788, 0.0722294021397829, 0.07170574894795816, 0.06965623175104459, 0.06647353433072567, 0.06354032177478075, 0.060829440131783485, 0.059836868196725845, 0.058992124162614346, 0.05764640215784311, 0.05489924208571514, 0.05653865138689677, 0.05625319170455138, 0.05268732396264871, 0.05119602878888448, 0.050778993094960846, 0.049978834576904774, 0.049217818304896355, 0.047725728092094265, 0.047409363401432834], "train/loss_recon": [0.5634352117776871, 0.48878223448991776, 0.4139998108148575, 0.36181988815466565, 0.3242019712924957, 0.29124417155981064, 0.2616828866302967, 0.23395564531286558, 0.20718775192896524, 0.1822257861495018, 0.16282296429077783, 0.14449257962405682, 0.1300485941270987, 0.11910187639296055, 0.10951393966873486, 0.10008885028461616, 0.09348104149103165, 0.08731285793085893, 0.08348589763045311, 0.07866254728287458, 0.0769593883305788, 0.0722294021397829, 0.07170574894795816, 0.06965623175104459, 0.06647353433072567, 0.06354032177478075, 0.060829440131783485, 0.059836868196725845, 0.058992124162614346, 0.05764640215784311, 0.05489924208571514, 0.05653865138689677, 0.05625319170455138, 0.05268732396264871, 0.05119602878888448, 0.050778993094960846, 0.049978834576904774, 0.049217818304896355, 0.047725728092094265, 0.047409363401432834], "train/loss_kl": [0.0, 0.0, 0.0, 0.0, 0.0, 0.0, 0.0, 0.0, 0.0, 0.0, 0.0, 0.0, 0.0, 0.0, 0.0, 0.0, 0.0, 0.0, 0.0, 0.0, 0.0, 0.0, 0.0, 0.0, 0.0, 0.0, 0.0, 0.0, 0.0, 0.0, 0.0, 0.0, 0.0, 0.0, 0.0, 0.0, 0.0, 0.0, 0.0, 0.0], "val/dice": [0.780539870262146, 0.8653442859649658, 0.8828644752502441, 0.892261266708374, 0.9001853466033936, 0.9091353416442871, 0.9147674441337585, 0.9170169830322266, 0.9203187227249146, 0.9163417816162109, 0.9226161241531372, 0.9166542291641235, 0.9168933629989624, 0.9248874187469482, 0.909867525100708, 0.9150575399398804, 0.9100887775421143, 0.9134809970855713, 0.9035472273826599, 0.9264083504676819, 0.9138919711112976, 0.9198536276817322, 0.9218915700912476, 0.8969370126724243, 0.9097820520401001, 0.9044667482376099, 0.9081292748451233, 0.9072911739349365, 0.9123294353485107, 0.9171992540359497, 0.9157098531723022, 0.9096104502677917, 0.916165292263031, 0.9128377437591553, 0.9165470600128174, 0.9166731834411621, 0.9129538536071777, 0.9210500717163086, 0.9171066284179688, 0.909187912940979], "val/loss": [0.49652791023254395, 0.41352522373199463, 0.35446497797966003, 0.3114745616912842, 0.2852468490600586, 0.25415751338005066, 0.22768501937389374, 0.2054387778043747, 0.1815180480480194, 0.1752663254737854, 0.14743345975875854, 0.14819248020648956, 0.1387283354997635, 0.11988262832164764, 0.13394039869308472, 0.12401725351810455, 0.1252259910106659, 0.11907126754522324, 0.1301056146621704, 0.10011037439107895, 0.11285888403654099, 0.10427747666835785, 0.10078179836273193, 0.13185790181159973, 0.11775173246860504, 0.12204912304878235, 0.11825771629810333, 0.11886933445930481, 0.11238932609558105, 0.10264318436384201, 0.10664843022823334, 0.11154299974441528, 0.10440550744533539, 0.11253892630338669, 0.10572738945484161, 0.1061154454946518, 0.11341892927885056, 0.0979258194565773, 0.10821080207824707, 0.11660219728946686], "train/beta": [0.004999999888241291, 0.009999999776482582, 0.014999999664723873, 0.019999999552965164, 0.02500000037252903, 0.029999999329447746, 0.03500000014901161, 0.03999999910593033, 0.04500000178813934, 0.05000000074505806, 0.054999999701976776, 0.05999999865889549, 0.06499999761581421, 0.07000000029802322, 0.07500000298023224, 0.07999999821186066, 0.08500000089406967, 0.09000000357627869, 0.0949999988079071, 0.10000000149011612, 0.10000000149011612, 0.10000000149011612, 0.10000000149011612, 0.10000000149011612, 0.10000000149011612, 0.10000000149011612, 0.10000000149011612, 0.10000000149011612, 0.10000000149011612, 0.10000000149011612, 0.10000000149011612, 0.10000000149011612, 0.10000000149011612, 0.10000000149011612, 0.10000000149011612, 0.10000000149011612, 0.10000000149011612, 0.10000000149011612, 0.10000000149011612, 0.10000000149011612], "train/lr": [0.0001, 0.0001, 0.0001, 0.0001, 0.0001, 0.0001, 0.0001, 0.0001, 0.0001, 0.0001, 0.0001, 0.0001, 0.0001, 0.0001, 0.0001, 0.0001, 0.0001, 0.0001, 0.0001, 0.0001, 0.0001, 0.0001, 0.0001, 0.0001, 0.0001, 0.0001, 0.0001, 0.0001, 0.0001, 0.0001, 0.0001, 0.0001, 0.0001, 0.0001, 0.0001, 0.0001, 0.0001, 0.0001, 0.0001, 0.0001]}