{"train/loss_total": [0.4053353562399193], "train/loss_recon": [0.4053353562399193], "train/loss_kl": [0.0], "val/dice": [0.8775476217269897], "val/loss": [0.2697429955005646], "train/beta": [0.004999999888241291], "train/lr": [0.0001]}